filename,category,split,own_photo,source_url_or_creator,license_or_permission,consent_privacy_note
orbit_tile_01.png,orbit_tile,development,false,16-720 course staff deterministic generator,course-authored accommodation asset; course use and modification permitted,"software-generated; no people, EXIF, or private data"
orbit_tile_02.png,orbit_tile,development,false,16-720 course staff deterministic generator,course-authored accommodation asset; course use and modification permitted,"software-generated; no people, EXIF, or private data"
orbit_tile_03.png,orbit_tile,development,false,16-720 course staff deterministic generator,course-authored accommodation asset; course use and modification permitted,"software-generated; no people, EXIF, or private data"
orbit_tile_04.png,orbit_tile,development,false,16-720 course staff deterministic generator,course-authored accommodation asset; course use and modification permitted,"software-generated; no people, EXIF, or private data"
orbit_tile_05.png,orbit_tile,development,false,16-720 course staff deterministic generator,course-authored accommodation asset; course use and modification permitted,"software-generated; no people, EXIF, or private data"
orbit_tile_06.png,orbit_tile,development,false,16-720 course staff deterministic generator,course-authored accommodation asset; course use and modification permitted,"software-generated; no people, EXIF, or private data"
orbit_tile_07.png,orbit_tile,held-out,false,16-720 course staff deterministic generator,course-authored accommodation asset; course use and modification permitted,"software-generated; no people, EXIF, or private data"
orbit_tile_08.png,orbit_tile,held-out,false,16-720 course staff deterministic generator,course-authored accommodation asset; course use and modification permitted,"software-generated; no people, EXIF, or private data"
chevron_tile_01.png,chevron_tile,development,false,16-720 course staff deterministic generator,course-authored accommodation asset; course use and modification permitted,"software-generated; no people, EXIF, or private data"
chevron_tile_02.png,chevron_tile,development,false,16-720 course staff deterministic generator,course-authored accommodation asset; course use and modification permitted,"software-generated; no people, EXIF, or private data"
chevron_tile_03.png,chevron_tile,development,false,16-720 course staff deterministic generator,course-authored accommodation asset; course use and modification permitted,"software-generated; no people, EXIF, or private data"
chevron_tile_04.png,chevron_tile,development,false,16-720 course staff deterministic generator,course-authored accommodation asset; course use and modification permitted,"software-generated; no people, EXIF, or private data"
chevron_tile_05.png,chevron_tile,development,false,16-720 course staff deterministic generator,course-authored accommodation asset; course use and modification permitted,"software-generated; no people, EXIF, or private data"
chevron_tile_06.png,chevron_tile,development,false,16-720 course staff deterministic generator,course-authored accommodation asset; course use and modification permitted,"software-generated; no people, EXIF, or private data"
chevron_tile_07.png,chevron_tile,held-out,false,16-720 course staff deterministic generator,course-authored accommodation asset; course use and modification permitted,"software-generated; no people, EXIF, or private data"
chevron_tile_08.png,chevron_tile,held-out,false,16-720 course staff deterministic generator,course-authored accommodation asset; course use and modification permitted,"software-generated; no people, EXIF, or private data"
window_tile_01.png,window_tile,development,false,16-720 course staff deterministic generator,course-authored accommodation asset; course use and modification permitted,"software-generated; no people, EXIF, or private data"
window_tile_02.png,window_tile,development,false,16-720 course staff deterministic generator,course-authored accommodation asset; course use and modification permitted,"software-generated; no people, EXIF, or private data"
window_tile_03.png,window_tile,development,false,16-720 course staff deterministic generator,course-authored accommodation asset; course use and modification permitted,"software-generated; no people, EXIF, or private data"
window_tile_04.png,window_tile,development,false,16-720 course staff deterministic generator,course-authored accommodation asset; course use and modification permitted,"software-generated; no people, EXIF, or private data"
window_tile_05.png,window_tile,development,false,16-720 course staff deterministic generator,course-authored accommodation asset; course use and modification permitted,"software-generated; no people, EXIF, or private data"
window_tile_06.png,window_tile,development,false,16-720 course staff deterministic generator,course-authored accommodation asset; course use and modification permitted,"software-generated; no people, EXIF, or private data"
window_tile_07.png,window_tile,held-out,false,16-720 course staff deterministic generator,course-authored accommodation asset; course use and modification permitted,"software-generated; no people, EXIF, or private data"
window_tile_08.png,window_tile,held-out,false,16-720 course staff deterministic generator,course-authored accommodation asset; course use and modification permitted,"software-generated; no people, EXIF, or private data"
